<configs>

<append xpath="/entity_classes">

<!-- VEHICLES -->

<entity_class name="BlueTruck">
	<property name="Tags" value="vehicle"/>
	<property name="Class" value="EntityVJeep"/>
	<property name="Parent" value="Cars"/>
	<property name="Prefab" value="#@modfolder:Resources/DBPickupPrefabs.unity3d?BlueTruckPrefab"/>
	<property name="ModelType" value="Standard"/>
	<property name="SurfaceCategory" value="metal"/>
	<property name="IgnoreTrigger" value="true"/>
	<property name="LootListAlive" value="vehicle4x4Truck"/>
	<property name="IsEnemyEntity" value="false"/>
	<property name="Explosion.ParticleIndex" value="6"/>
	<property name="Explosion.RadiusBlocks" value="5"/>
	<property name="Explosion.RadiusEntities" value="5"/>
	<property name="Explosion.BlockDamage" value="100"/>
	<property name="Explosion.EntityDamage" value="100"/>
	<property name="RotateToGround" value="true"/>
	<property name="Faction" value="none"/>
	<property name="MapIcon" value="dbpickup"/>
	<property name="NavObject" value="dbpickup" />
</entity_class>
<entity_class name="DirtyWhiteTruck">
	<property name="Tags" value="vehicle"/>
	<property name="Class" value="EntityVJeep"/>
	<property name="Parent" value="Cars"/>
	<property name="Prefab" value="#@modfolder:Resources/DBPickupPrefabs.unity3d?DirtyWhiteTruckPrefab"/>
	<property name="ModelType" value="Standard"/>
	<property name="SurfaceCategory" value="metal"/>
	<property name="IgnoreTrigger" value="true"/>
	<property name="LootListAlive" value="vehicle4x4Truck"/>
	<property name="IsEnemyEntity" value="false"/>
	<property name="Explosion.ParticleIndex" value="6"/>
	<property name="Explosion.RadiusBlocks" value="5"/>
	<property name="Explosion.RadiusEntities" value="5"/>
	<property name="Explosion.BlockDamage" value="100"/>
	<property name="Explosion.EntityDamage" value="100"/>
	<property name="RotateToGround" value="true"/>
	<property name="Faction" value="none"/>
	<property name="MapIcon" value="dbpickup"/>
	<property name="NavObject" value="dbpickup" />
</entity_class>
<entity_class name="DirtyRedTruck">
	<property name="Tags" value="vehicle"/>
	<property name="Class" value="EntityVJeep"/>
	<property name="Parent" value="Cars"/>
	<property name="Prefab" value="#@modfolder:Resources/DBPickupPrefabs.unity3d?DirtyRedTruckPrefab"/>
	<property name="ModelType" value="Standard"/>
	<property name="SurfaceCategory" value="metal"/>
	<property name="IgnoreTrigger" value="true"/>
	<property name="LootListAlive" value="vehicle4x4Truck"/>
	<property name="IsEnemyEntity" value="false"/>
	<property name="Explosion.ParticleIndex" value="6"/>
	<property name="Explosion.RadiusBlocks" value="5"/>
	<property name="Explosion.RadiusEntities" value="5"/>
	<property name="Explosion.BlockDamage" value="100"/>
	<property name="Explosion.EntityDamage" value="100"/>
	<property name="RotateToGround" value="true"/>
	<property name="Faction" value="none"/>
	<property name="MapIcon" value="dbpickup"/>
	<property name="NavObject" value="dbpickup" />
</entity_class>
<entity_class name="MaroonTruck">
	<property name="Tags" value="vehicle"/>
	<property name="Class" value="EntityVJeep"/>
	<property name="Parent" value="Cars"/>
	<property name="Prefab" value="#@modfolder:Resources/DBPickupPrefabs.unity3d?MaroonTruckPrefab"/>
	<property name="ModelType" value="Standard"/>
	<property name="SurfaceCategory" value="metal"/>
	<property name="IgnoreTrigger" value="true"/>
	<property name="LootListAlive" value="vehicle4x4Truck"/>
	<property name="IsEnemyEntity" value="false"/>
	<property name="Explosion.ParticleIndex" value="6"/>
	<property name="Explosion.RadiusBlocks" value="5"/>
	<property name="Explosion.RadiusEntities" value="5"/>
	<property name="Explosion.BlockDamage" value="100"/>
	<property name="Explosion.EntityDamage" value="100"/>
	<property name="RotateToGround" value="true"/>
	<property name="Faction" value="none"/>
	<property name="MapIcon" value="dbpickup"/>
	<property name="NavObject" value="dbpickup" />
</entity_class>
<entity_class name="BrightBlueTruck">
	<property name="Tags" value="vehicle"/>
	<property name="Class" value="EntityVJeep"/>
	<property name="Parent" value="Cars"/>
	<property name="Prefab" value="#@modfolder:Resources/DBPickupPrefabs.unity3d?BrightBlueTruckPrefab"/>
	<property name="ModelType" value="Standard"/>
	<property name="SurfaceCategory" value="metal"/>
	<property name="IgnoreTrigger" value="true"/>
	<property name="LootListAlive" value="vehicle4x4Truck"/>
	<property name="IsEnemyEntity" value="false"/>
	<property name="Explosion.ParticleIndex" value="6"/>
	<property name="Explosion.RadiusBlocks" value="5"/>
	<property name="Explosion.RadiusEntities" value="5"/>
	<property name="Explosion.BlockDamage" value="100"/>
	<property name="Explosion.EntityDamage" value="100"/>
	<property name="RotateToGround" value="true"/>
	<property name="Faction" value="none"/>
	<property name="MapIcon" value="dbpickup"/>
	<property name="NavObject" value="dbpickup" />
</entity_class>
<entity_class name="DrivableTruckFrame">
	<property name="Tags" value="vehicle"/>
	<property name="Class" value="EntityVJeep"/>
	<property name="Parent" value="Cars"/>
	<property name="Prefab" value="#@modfolder:Resources/DBPickupPrefabs.unity3d?TruckFramePrefab"/>
	<property name="ModelType" value="Standard"/>
	<property name="SurfaceCategory" value="metal"/>
	<property name="IgnoreTrigger" value="true"/>
	<property name="LootListAlive" value="vehicle4x4Truck"/>
	<property name="IsEnemyEntity" value="false"/>
	<property name="Explosion.ParticleIndex" value="6"/>
	<property name="Explosion.RadiusBlocks" value="5"/>
	<property name="Explosion.RadiusEntities" value="5"/>
	<property name="Explosion.BlockDamage" value="100"/>
	<property name="Explosion.EntityDamage" value="100"/>
	<property name="RotateToGround" value="true"/>
	<property name="Faction" value="none"/>
	<property name="MapIcon" value="dbframe"/>
	<property name="NavObject" value="dbframe" />
</entity_class>
<entity_class name="DrivableCleanTruckFrame">
	<property name="Tags" value="vehicle"/>
	<property name="Class" value="EntityVJeep"/>
	<property name="Parent" value="Cars"/>
	<property name="Prefab" value="#@modfolder:Resources/DBPickupPrefabs.unity3d?CleanTruckFramePrefab"/>
	<property name="ModelType" value="Standard"/>
	<property name="SurfaceCategory" value="metal"/>
	<property name="IgnoreTrigger" value="true"/>
	<property name="LootListAlive" value="vehicle4x4Truck"/>
	<property name="IsEnemyEntity" value="false"/>
	<property name="Explosion.ParticleIndex" value="6"/>
	<property name="Explosion.RadiusBlocks" value="5"/>
	<property name="Explosion.RadiusEntities" value="5"/>
	<property name="Explosion.BlockDamage" value="100"/>
	<property name="Explosion.EntityDamage" value="100"/>
	<property name="RotateToGround" value="true"/>
	<property name="Faction" value="none"/>
	<property name="MapIcon" value="dbframe"/>
	<property name="NavObject" value="dbframe" />
</entity_class>
</append>
</configs>