<configs>

<append xpath="/items">

	<item name="BlueTruckplaceable">
		<property name="Extends" value="vehicleMinibikePlaceable"/>
		<property name="CreativeMode" value="Player"/>
		<property name="DescriptionKey" value="BlueTruckplaceableDesc"/>
		<property name="CustomIcon" value="bluetruck" /> 
		<property name="Meshfile" value="#@modfolder:Resources/DBPickupPrefabs.unity3d?BlueTruckPrefab"/>
		<property name="EconomicValue" value="25000"/>
		<property name="Stacknumber" value="5"/>
		<property class="Action1">
			<property name="Vehicle" value="BlueTruck"/>
			<property name="VehicleSize" value="2.5, 2.5, 6"/>
		</property>
	<effect_group name="Base Effects">
		<passive_effect name="ModSlots" operation="base_set" value="4"/>
		<passive_effect name="ModPowerBonus" operation="base_add" value="300" tags="EconomicValue"/>
		<passive_effect name="DegradationMax" operation="base_set" value="3500"/>
	</effect_group>
	</item>
	<item name="DirtyWhiteTruckplaceable">
		<property name="Extends" value="vehicleMinibikePlaceable"/>
		<property name="CreativeMode" value="Player"/>
		<property name="DescriptionKey" value="BlueTruckplaceableDesc"/>
		<property name="CustomIcon" value="whitetruck" />
		<property name="Meshfile" value="#@modfolder:Resources/DBPickupPrefabs.unity3d?DirtyWhiteTruckPrefab"/>
		<property name="EconomicValue" value="25000"/>
		<property name="Stacknumber" value="5"/>
		<property class="Action1">
			<property name="Vehicle" value="DirtyWhiteTruck"/>
			<property name="VehicleSize" value="2.5, 2.5, 6"/>
		</property>
	<effect_group name="Base Effects">
		<passive_effect name="ModSlots" operation="base_set" value="4"/>
		<passive_effect name="ModPowerBonus" operation="base_add" value="300" tags="EconomicValue"/>
		<passive_effect name="DegradationMax" operation="base_set" value="3500"/>
	</effect_group>
	</item>
	<item name="DirtyRedTruckplaceable">
		<property name="Extends" value="vehicleMinibikePlaceable"/>
		<property name="CreativeMode" value="Player"/>
		<property name="DescriptionKey" value="BlueTruckplaceableDesc"/>
		<property name="CustomIcon" value="redtruck" />
		<property name="Meshfile" value="#@modfolder:Resources/DBPickupPrefabs.unity3d?DirtyRedTruckPrefab"/>
		<property name="EconomicValue" value="25000"/>
		<property name="Stacknumber" value="5"/>
		<property class="Action1">
			<property name="Vehicle" value="DirtyRedTruck"/>
			<property name="VehicleSize" value="2.5, 2.5, 6"/>
		</property>
	<effect_group name="Base Effects">
		<passive_effect name="ModSlots" operation="base_set" value="4"/>
		<passive_effect name="ModPowerBonus" operation="base_add" value="300" tags="EconomicValue"/>
		<passive_effect name="DegradationMax" operation="base_set" value="3500"/>
	</effect_group>
	</item>	
	<item name="MaroonTruckplaceable">
		<property name="Extends" value="vehicleMinibikePlaceable"/>
		<property name="CreativeMode" value="Player"/>
		<property name="DescriptionKey" value="BlueTruckplaceableDesc"/>
		<property name="CustomIcon" value="maroontruck" />
		<property name="Meshfile" value="#@modfolder:Resources/DBPickupPrefabs.unity3d?MaroonTruckPrefab"/>
		<property name="EconomicValue" value="25000"/>
		<property name="Stacknumber" value="5"/>
		<property class="Action1">
			<property name="Vehicle" value="MaroonTruck"/>
			<property name="VehicleSize" value="2.5, 2.5, 6"/>
		</property>
	<effect_group name="Base Effects">
		<passive_effect name="ModSlots" operation="base_set" value="4"/>
		<passive_effect name="ModPowerBonus" operation="base_add" value="300" tags="EconomicValue"/>
		<passive_effect name="DegradationMax" operation="base_set" value="3500"/>
	</effect_group>
	</item>	
	<item name="BrightBlueTruckplaceable">
		<property name="Extends" value="vehicleMinibikePlaceable"/>
		<property name="CreativeMode" value="Player"/>
		<property name="DescriptionKey" value="BlueTruckplaceableDesc"/>
		<property name="CustomIcon" value="brightbluetruck" />
		<property name="Meshfile" value="#@modfolder:Resources/DBPickupPrefabs.unity3d?BrightBlueTruckPrefab"/>
		<property name="EconomicValue" value="25000"/>
		<property name="Stacknumber" value="5"/>
		<property class="Action1">
			<property name="Vehicle" value="BrightBlueTruck"/>
			<property name="VehicleSize" value="2.5, 2.5, 6"/>
		</property>
	<effect_group name="Base Effects">
		<passive_effect name="ModSlots" operation="base_set" value="4"/>
		<passive_effect name="ModPowerBonus" operation="base_add" value="300" tags="EconomicValue"/>
		<passive_effect name="DegradationMax" operation="base_set" value="3500"/>
	</effect_group>
	</item>	
	<item name="DrivableTruckFrameplaceable">
		<property name="Extends" value="vehicleMinibikePlaceable"/>
		<property name="CreativeMode" value="Player"/>
		<property name="CustomIcon" value="dirtyframe" />
		<property name="DescriptionKey" value="DrivableTruckFrameplaceableDesc"/>
		<property name="Meshfile" value="#@modfolder:Resources/DBPickupPrefabs.unity3d?TruckFramePrefab"/>
		<property name="EconomicValue" value="15000"/>
		<property name="Stacknumber" value="5"/>
		<property class="Action1">
			<property name="Vehicle" value="DrivableTruckFrame"/>
			<property name="VehicleSize" value="2.5, 2.5, 6"/>
		</property>
	<effect_group name="Base Effects">
		<passive_effect name="ModSlots" operation="base_set" value="4"/>
		<passive_effect name="ModPowerBonus" operation="base_add" value="300" tags="EconomicValue"/>
		<passive_effect name="DegradationMax" operation="base_set" value="3500"/>
	</effect_group>
	</item>	
	<item name="DrivableCleanTruckFrameplaceable">
		<property name="Extends" value="vehicleMinibikePlaceable"/>
		<property name="CreativeMode" value="Player"/>
		<property name="CustomIcon" value="cleanframe" />
		<property name="DescriptionKey" value="DrivableTruckFrameplaceableDesc"/>
		<property name="Meshfile" value="#@modfolder:Resources/DBPickupPrefabs.unity3d?CleanTruckFramePrefab"/>
		<property name="EconomicValue" value="15000"/>
		<property name="Stacknumber" value="5"/>
		<property class="Action1">
			<property name="Vehicle" value="DrivableCleanTruckFrame"/>
			<property name="VehicleSize" value="2.5, 2.5, 6"/>
		</property>
	<effect_group name="Base Effects">
		<passive_effect name="ModSlots" operation="base_set" value="4"/>
		<passive_effect name="ModPowerBonus" operation="base_add" value="300" tags="EconomicValue"/>
		<passive_effect name="DegradationMax" operation="base_set" value="3500"/>
	</effect_group>
	</item>	
	
	<item name="DBPickupChassis">
		<property name="Extends" value="vehicleWheels"/>
		<property name="CustomIcon" value="cleanframe" />
		<property name="EconomicValue" value="9000"/>
		<property name="DescriptionKey" value="DBPickupChassisDesc"/>		
		<property name="UnlockedBy" value="perkGreaseMonkey"/>
	</item>
	<item name="DBPickupBody">
		<property name="Extends" value="vehicleBicycleHandlebars"/>
		<property name="CustomIcon" value="bodytruck" />
		<property name="DescriptionKey" value="DBPickupBodyDesc"/>
		<property name="EconomicValue" value="9000"/>
		<property name="UnlockedBy" value="perkGreaseMonkey"/>
	</item>
	
</append>
</configs>