<configs>
	<append xpath="/nav_object_classes">
		<nav_object_class name="dbpickup" extends="bicycle">
			<property name="requirement_type" value="IsVehicleOwner"/>
			<compass_settings>
				<property name="sprite_name" value="dbpickup"/>
			</compass_settings>
			<onscreen_settings>
				<property name="sprite_name" value="dbpickup"/>
			</onscreen_settings>
		</nav_object_class>
		<nav_object_class name="dbframe" extends="bicycle">
			<property name="requirement_type" value="IsVehicleOwner"/>
			<compass_settings>
				<property name="sprite_name" value="dbframe"/>
			</compass_settings>
			<onscreen_settings>
				<property name="sprite_name" value="dbframe"/>
			</onscreen_settings>
		</nav_object_class>
	</append>
</configs>