<configs>
	
<append xpath="/recipes">

	<recipe name="DBPickupBody" count="1" craft_time="60" craft_area="workbench" tags="perkGreaseMonkey,learnable,workbenchCrafting">
		<ingredient name="resourceElectricParts" count="33"/>
		<ingredient name="resourceHeadlight" count="8"/>
		<ingredient name="resourceForgedSteel" count="200"/>
		<ingredient name="resourceSpring" count="4"/>
		<ingredient name="resourceMechanicalParts" count="16"/>
		<effect_group>
			<passive_effect name="CraftingIngredientCount" operation="perc_add" level="0,3" value=".5,.5" tags="resourceForgedSteel,resourceMechanicalParts,resourceMetalPipe,resourceElectricParts,resourceSpring"/>
		</effect_group>
	</recipe>

	<recipe name="DBPickupChassis" count="1" craft_time="60" craft_area="workbench" tags="perkGreaseMonkey,learnable,workbenchCrafting">
		<ingredient name="resourceForgedIron" count="200"/>
		<ingredient name="resourceMechanicalParts" count="40"/>
		<ingredient name="resourceDuctTape" count="20"/>
		<ingredient name="resourceLeather" count="40"/>
		<ingredient name="resourceElectricParts" count="16"/>
		<effect_group>
			<passive_effect name="CraftingIngredientCount" operation="perc_add" level="0,3" value=".5,.5" tags="resourceForgedIron,resourceMechanicalParts,resourceDuctTape,resourceLeather,resourceElectricParts"/>
		</effect_group>
	</recipe>

	<recipe name="BlueTruckplaceable" count="1" craft_time="120" craft_area="workbench" tags="workbenchCrafting">
		<ingredient name="vehicleWheels" count="4"/>
		<ingredient name="DBPickupChassis" count="1"/>
		<ingredient name="DBPickupBody" count="1"/>
		<ingredient name="smallEngine" count="1"/>
		<ingredient name="carBattery" count="1"/>
	</recipe>
	
	<recipe name="DirtyWhiteTruckplaceable" count="1" craft_time="120" craft_area="workbench" tags="workbenchCrafting">
		<ingredient name="vehicleWheels" count="4"/>
		<ingredient name="DBPickupChassis" count="1"/>
		<ingredient name="DBPickupBody" count="1"/>
		<ingredient name="smallEngine" count="1"/>
		<ingredient name="carBattery" count="1"/>
	</recipe>

	<recipe name="DirtyRedTruckplaceable" count="1" craft_time="120" craft_area="workbench" tags="workbenchCrafting">
		<ingredient name="vehicleWheels" count="4"/>
		<ingredient name="DBPickupChassis" count="1"/>
		<ingredient name="DBPickupBody" count="1"/>
		<ingredient name="smallEngine" count="1"/>
		<ingredient name="carBattery" count="1"/>
	</recipe>

	<recipe name="MaroonTruckplaceable" count="1" craft_time="120" craft_area="workbench" tags="workbenchCrafting">
		<ingredient name="vehicleWheels" count="4"/>
		<ingredient name="DBPickupChassis" count="1"/>
		<ingredient name="DBPickupBody" count="1"/>
		<ingredient name="smallEngine" count="1"/>
		<ingredient name="carBattery" count="1"/>
	</recipe>
	
	<recipe name="BrightBlueTruckplaceable" count="1" craft_time="120" craft_area="workbench" tags="workbenchCrafting">
		<ingredient name="vehicleWheels" count="4"/>
		<ingredient name="DBPickupChassis" count="1"/>
		<ingredient name="DBPickupBody" count="1"/>
		<ingredient name="smallEngine" count="1"/>
		<ingredient name="carBattery" count="1"/>
	</recipe>	
	
	<recipe name="DrivableTruckFrameplaceable" count="1" craft_time="90" craft_area="workbench" tags="workbenchCrafting">
		<ingredient name="vehicleWheels" count="4"/>
		<ingredient name="DBPickupChassis" count="1"/>
		<ingredient name="smallEngine" count="1"/>
		<ingredient name="carBattery" count="1"/>
	</recipe>
	
	<recipe name="DrivableCleanTruckFrameplaceable" count="1" craft_time="90" craft_area="workbench" tags="workbenchCrafting">
		<ingredient name="vehicleWheels" count="4"/>
		<ingredient name="DBPickupChassis" count="1"/>
		<ingredient name="smallEngine" count="1"/>
		<ingredient name="carBattery" count="1"/>
		<ingredient name="drinkJarBoiledWater" count="1"/>		
	</recipe>
	
</append>
</configs>