<configs>
	<append xpath="/blocks">
	
	<block name="DBFencesMaster">
		<property name="CustomIcon" value="DBFence" /> 
		<property name="AllowAllRotations" value="true"/>
		<property name="ItemTypeIcon" value="all_blocks"/> 
        <property name="Material" value="Mmetal"/>
        <property name="IsTerrainDecoration" value="true"/>
        <property name="Collide" value="movement,melee,rocket,vehicle"/>
        <property name="CreativeMode" value="Player"/>
        <property name="Stacknumber" value="500"/>
        <property name="Group" value="Building,Building2"/>
        <property name="EconomicValue" value="1"/>
        <property name="FilterTags" value="fdecor"/>
        <property name="SortOrder2" value="0050"/>
        <property name="MaxDamage" value="1500"/>
		<property class="RepairItems">
			<property name="resourceForgedIron" value="5"/> 
		</property>
		<property name="Place" value="TowardsPlacerInverted"/>
	<drop event="Destroy" name="resourceScrapIron" count="0" />
	<property name="SelectAlternates" value="true"/>
	<property name="PlaceAltBlockValue" value="DBFence,DBFenceSingle,DBFenceBarbSingle,DBFenceBarb"/>
	<property name="DescriptionKey" value="IronGatesMasterDesc"/>
</block>
	<block name="DBFenceGateMaster">
		<property name="CustomIcon" value="DBGate" /> 
		<property name="AllowAllRotations" value="true"/>
		<property name="ItemTypeIcon" value="all_blocks"/> 
        <property name="Material" value="Mmetal"/>
        <property name="IsTerrainDecoration" value="true"/>
        <property name="Collide" value="movement,melee,rocket"/>
        <property name="CreativeMode" value="Player"/>
        <property name="Stacknumber" value="500"/>
        <property name="Group" value="Building,Building2"/>
        <property name="EconomicValue" value="1"/>
        <property name="FilterTags" value="fdecor"/>
        <property name="SortOrder2" value="0050"/>
        <property name="MaxDamage" value="1500"/>
		<property class="RepairItems">
			<property name="resourceForgedIron" value="5"/> 
		</property>
		<property name="Place" value="TowardsPlacerInverted"/>
	<drop event="Destroy" count="0"/>
	<drop event="Harvest" name="terrStone" count="0" tool_category="Disassemble"/>
	<property name="SelectAlternates" value="true"/>
	<property name="PlaceAltBlockValue" value="DBGate,DBGateBarb,DBRightStockGate,DBLeftStockGate"/>
</block>
			
		<block name="DBGate">
				<property name="CustomIcon" value="DBGate" /> 
				<property name="Class" value="DoorSecure"/>
				<property name="Tags" value="door"/>
				<property name="BlockTag" value="Door"/>
				<property name="Place" value="TowardsPlacerInverted"/> <!-- build restriction -->
				<property name="PlaceEverywhere" value="true"/>
				<property name="AllowAllRotations" value="true"/>
				<property name="OpenSound" value="open_garage_door"/>
				<property name="CloseSound" value="close_garage_door"/>
				<property name="CreativeMode" value="Player"/>
				<property name="DisplayType" value="blockMulti"/>
				<property name="Material" value="Mmetal"/><property name="Weight" value="50"/><property name="MaxDamage" value="350" />
				<property name="LightOpacity" value="0"/>
				<property name="Shape" value="ModelEntity"/>	
				<property name="Model" value="#@modfolder:Resources/DBFences.unity3d?FenceGatePrefab"/>
				<property name="MultiBlockDim" value="1,2,1"/>
				<property name="ImposterDontBlock" value="true"/>
				<property name="Collide" value="movement,melee,rocket,vehicle"/>
				<property name="IsTerrainDecoration" value="true"/>
				<property name="HarvestOverdamage" value="false"/>
				<drop event="Destroy" name="resourceScrapIron" count="10" />
				<property class="RepairItems">
				<property name="resourceScrapIron" value="5"/>
			</property>
		</block>
		<block name="DBFence">
			<property name="CustomIcon" value="DBFence" /> 
			<property name="AllowAllRotations" value="true"/>
			<property name="Material" value="Mmetal"/>
			<property name="IsTerrainDecoration" value="true"/>
			<property name="Shape" value="ModelEntity"/>
			<property name="Model" value="#@modfolder:Resources/DBFences.unity3d?FencePrefab"/>				
			<property name="Collide" value="movement,melee,rocket,vehicle"/>
			<property name="MultiBlockDim" value="2,2,1" />
			<property name="CreativeMode" value="Player"/>
			<property name="Stacknumber" value="500"/>
			<property name="Group" value="Building,Building2"/>
			<property name="EconomicValue" value="1"/>
			<property name="FilterTags" value="fdecor"/>
			<property name="SortOrder2" value="0050"/>
			<property name="MaxDamage" value="350"/>
			<property name="Place" value="TowardsPlacerInverted"/>
			<property name="CanPickup" value="false"/>
			<drop event="Destroy" name="resourceScrapIron" count="20" />
				<property class="RepairItems">
				<property name="resourceScrapIron" value="10"/>
			</property>
		</block>
		<block name="DBFenceSingle">
			<property name="CustomIcon" value="DBFenceSingle" /> 
			<property name="AllowAllRotations" value="true"/>
			<property name="Material" value="Mmetal"/>
			<property name="IsTerrainDecoration" value="true"/>
			<property name="Shape" value="ModelEntity"/>
			<property name="Model" value="#@modfolder:Resources/DBFences.unity3d?FenceSinglePrefab"/>				
			<property name="Collide" value="movement,melee,rocket,vehicle"/>
			<property name="MultiBlockDim" value="1,2,1" />
			<property name="CreativeMode" value="Player"/>
			<property name="Stacknumber" value="500"/>
			<property name="Group" value="Building,Building2"/>
			<property name="EconomicValue" value="1"/>
			<property name="FilterTags" value="fdecor"/>
			<property name="SortOrder2" value="0050"/>
			<property name="MaxDamage" value="350"/>
			<property name="Place" value="TowardsPlacerInverted"/>
			<property name="CanPickup" value="false"/>
			<drop event="Destroy" name="resourceScrapIron" count="10" />
				<property class="RepairItems">
				<property name="resourceScrapIron" value="5"/>
			</property>
		</block>
		<block name="DBGateBarb">
				<property name="CustomIcon" value="DBBarbGate" /> 
				<property name="Class" value="DoorSecure"/>
				<property name="Tags" value="door"/>
				<property name="BlockTag" value="Door"/>
				<property name="Place" value="TowardsPlacerInverted"/> <!-- build restriction -->
				<property name="PlaceEverywhere" value="true"/>
				<property name="AllowAllRotations" value="true"/>
				<property name="OpenSound" value="open_garage_door"/>
				<property name="CloseSound" value="close_garage_door"/>
				<property name="CreativeMode" value="Player"/>
				<property name="DisplayType" value="blockMulti"/>
				<property name="Material" value="Mmetal"/><property name="Weight" value="50"/><property name="MaxDamage" value="350" />
				<property name="LightOpacity" value="0"/>
				<property name="Shape" value="ModelEntity"/>	
				<property name="Model" value="#@modfolder:Resources/DBFences.unity3d?FenceGateBarbPrefab"/>
				<property name="MultiBlockDim" value="1,3,1"/>
				<property name="ImposterDontBlock" value="true"/>
				<property name="Collide" value="melee,movement,rocket,vehicle"/>
				<property name="IsTerrainDecoration" value="true"/>
				<property name="HarvestOverdamage" value="false"/>
				<drop event="Destroy" name="resourceScrapIron" count="10" />
				<drop event="Destroy" name="barbedWireSheet" count="1" />
				<property class="RepairItems">
				<property name="resourceScrapIron" value="5"/>
			</property>
		</block>
		<block name="DBFenceBarbSingle">
			<property name="CustomIcon" value="DBBarbSingle" /> 
			<property name="AllowAllRotations" value="true"/>
			<property name="Material" value="Mmetal"/>
			<property name="IsTerrainDecoration" value="true"/>
			<property name="Shape" value="ModelEntity"/>
			<property name="Model" value="#@modfolder:Resources/DBFences.unity3d?FenceBarbSinglePrefab"/>				
			<property name="Collide" value="movement,melee,rocket,vehicle"/>
			<property name="MultiBlockDim" value="1,3,1" />
			<property name="CreativeMode" value="Player"/>
			<property name="Stacknumber" value="500"/>
			<property name="Group" value="Building,Building2"/>
			<property name="EconomicValue" value="1"/>
			<property name="FilterTags" value="fdecor"/>
			<property name="SortOrder2" value="0050"/>
			<property name="MaxDamage" value="350"/>
			<property name="Place" value="TowardsPlacerInverted"/>
			<property name="CanPickup" value="false"/>
			<drop event="Destroy" name="resourceScrapIron" count="10" />
			<drop event="Destroy" name="barbedWireSheet" count="1" />
			<property class="RepairItems">
				<property name="resourceScrapIron" value="5"/>
			</property>
		</block>
		<block name="DBFenceBarb">
			<property name="CustomIcon" value="DBBarb" /> 
			<property name="AllowAllRotations" value="true"/>
			<property name="Material" value="Mmetal"/>
			<property name="IsTerrainDecoration" value="true"/>
			<property name="Shape" value="ModelEntity"/>
			<property name="Model" value="#@modfolder:Resources/DBFences.unity3d?FenceBarbPrefab"/>				
			<property name="Collide" value="movement,melee,rocket,vehicle"/>
			<property name="MultiBlockDim" value="2,3,1" />
			<property name="CreativeMode" value="Player"/>
			<property name="Stacknumber" value="500"/>
			<property name="Group" value="Building,Building2"/>
			<property name="EconomicValue" value="1"/>
			<property name="FilterTags" value="fdecor"/>
			<property name="SortOrder2" value="0050"/>
			<property name="MaxDamage" value="350"/>
			<property name="Place" value="TowardsPlacerInverted"/>
			<property name="CanPickup" value="false"/>
			<drop event="Destroy" name="resourceScrapIron" count="20" />
				<drop event="Destroy" name="barbedWireSheet" count="2" />
				<property class="RepairItems">
				<property name="resourceScrapIron" value="10"/>
			</property>
		</block>
		<block name="DBRightStockGate">
				<property name="CustomIcon" value="GateRight" /> 
				<property name="Class" value="DoorSecure"/>
				<property name="Tags" value="door"/>
				<property name="BlockTag" value="Door"/>
				<property name="Place" value="TowardsPlacerInverted"/> <!-- build restriction -->
				<property name="PlaceEverywhere" value="true"/>
				<property name="AllowAllRotations" value="true"/>
				<property name="OpenSound" value="open_garage_door"/>
				<property name="CloseSound" value="close_garage_door"/>
				<property name="CreativeMode" value="Player"/>
				<property name="DisplayType" value="blockMulti"/>
				<property name="Material" value="Mmetal"/><property name="Weight" value="50"/><property name="MaxDamage" value="350" />
				<property name="LightOpacity" value="0"/>
				<property name="Shape" value="ModelEntity"/>	
				<property name="Model" value="#@modfolder:Resources/DBFences.unity3d?DBchainlinkFenceDoorPrefab"/>
				<property name="MultiBlockDim" value="1,2,1"/>
				<property name="ImposterDontBlock" value="true"/>
				<property name="Collide" value="movement,melee,rocket,vehicle"/>
				<property name="IsTerrainDecoration" value="true"/>
				<property name="HarvestOverdamage" value="false"/>
				<drop event="Destroy" name="resourceScrapIron" count="10" />
				<property class="RepairItems">
				<property name="resourceScrapIron" value="5"/>
			</property>
		</block>
		<block name="DBLeftStockGate">
				<property name="CustomIcon" value="GateLeft" /> 
				<property name="Class" value="DoorSecure"/>
				<property name="Tags" value="door"/>
				<property name="BlockTag" value="Door"/>
				<property name="Place" value="TowardsPlacerInverted"/> <!-- build restriction -->
				<property name="PlaceEverywhere" value="true"/>
				<property name="AllowAllRotations" value="true"/>
				<property name="OpenSound" value="open_garage_door"/>
				<property name="CloseSound" value="close_garage_door"/>
				<property name="CreativeMode" value="Player"/>
				<property name="DisplayType" value="blockMulti"/>
				<property name="Material" value="Mmetal"/><property name="Weight" value="50"/><property name="MaxDamage" value="350" />
				<property name="LightOpacity" value="0"/>
				<property name="Shape" value="ModelEntity"/>	
				<property name="Model" value="#@modfolder:Resources/DBFences.unity3d?DBLeftStockGate"/>
				<property name="MultiBlockDim" value="1,2,1"/>
				<property name="ImposterDontBlock" value="true"/>
				<property name="Collide" value="movement,melee,rocket,vehicle"/>
				<property name="IsTerrainDecoration" value="true"/>
				<property name="HarvestOverdamage" value="false"/>
				<drop event="Destroy" name="resourceScrapIron" count="10" />
				<property class="RepairItems">
				<property name="resourceScrapIron" value="5"/>
			</property>
		</block>
	</append>
</configs> 